{"cameraMode":{"drawMode":0,"name":"Shaded","section":"Shading Mode"},"sceneLighting":true,"audioPlay":false,"sceneViewState":{"showFog":true,"showMaterialUpdate":false,"showSkybox":true,"showFlares":true,"showImageEffects":true,"showParticleSystems":true},"in2DMode":false,"pivot":{"x":0.19139516353607179,"y":0.02193359285593033,"z":0.0016852617263793946},"rotation":{"x":-0.1807742565870285,"y":-0.020062007009983064,"z":0.003696348052471876,"w":-0.9833242893218994},"size":0.2047131061553955,"orthographic":false}