{"cameraMode":{"drawMode":0,"name":"Shaded","section":"Shading Mode"},"sceneLighting":true,"audioPlay":false,"sceneViewState":{"showFog":true,"showMaterialUpdate":false,"showSkybox":true,"showFlares":true,"showImageEffects":true,"showParticleSystems":true},"in2DMode":false,"pivot":{"x":0.2748458981513977,"y":-0.6474068760871887,"z":0.532057523727417},"rotation":{"x":-0.41856667399406435,"y":0.040032725781202319,"z":-0.018463237211108209,"w":-0.9071270227432251},"size":0.81418377161026,"orthographic":false}