{"cameraMode":{"drawMode":0,"name":"Shaded","section":"Shading Mode"},"sceneLighting":true,"audioPlay":false,"sceneViewState":{"showFog":true,"showMaterialUpdate":false,"showSkybox":true,"showFlares":true,"showImageEffects":true,"showParticleSystems":true},"in2DMode":false,"pivot":{"x":0.2563442289829254,"y":0.04687421768903732,"z":-0.018134891986846925},"rotation":{"x":-0.07815497368574143,"y":0.04395080730319023,"z":-0.003440307220444083,"w":-0.9959762096405029},"size":0.12069956958293915,"orthographic":false}